<?xml version="1.0" encoding="utf-8" ?>
<dwsync>
<file name="ad_left_1.php" server="F:/gg/" local="130323709980000000" remote="130323709980000000" />
<file name="ad_left_default_1.php" server="F:/gg/" local="130323732480000000" remote="130323732480000000" />
<file name="ad_left_2.php" server="F:/gg/" local="130323728780000000" remote="130323728780000000" />
<file name="ad_left_default_2.php" server="F:/gg/" local="130323732420000000" remote="130323732420000000" />
<file name="ad_left_3.php" server="F:/gg/" local="130323728920000000" remote="130323728920000000" />
<file name="ad_left_default_3.php" server="F:/gg/" local="130323732560000000" remote="130323732560000000" />
<file name="ad_right_1.php" server="F:/gg/" local="130323735440000000" remote="130323735440000000" />
<file name="ad_right_default_1.php" server="F:/gg/" local="130323736260000000" remote="130323736260000000" />
<file name="ad_right_2.php" server="F:/gg/" local="130323737800000000" remote="130323737800000000" />
<file name="ad_right_default_2.php" server="F:/gg/" local="130323737920000000" remote="130323737920000000" />
</dwsync>